Name,Number,Age,Official company language,Nationality,Production plant,Organizational affiliation,PC user
William Moore,0001,32,German,Switzerland,Gamma,HR,Yes
Patricia Brown,0002,34,French,Switzerland,Epsilon,HR,Yes
Linda Smith,0003,35,German,Switzerland,Delta,HR,Yes
Patricia Davis,0004,35,French,Switzerland,Epsilon,HR,Yes
Mary Johnson,0005,52,German,Switzerland,Delta,Administration,Yes
Michael Williams,0006,58,German,Switzerland,Delta,HR,Yes
Jennifer Moore,0007,30,German,Serbia,Gamma,HR,Yes
Jennifer Johnson,0008,33,German,Switzerland,Delta,HR,Yes
John Brown,0009,31,German,Germany,Delta,HR,Yes
Mary Williams,0010,59,German,Germany,Delta,Planing,Yes
Robert Jones,0011,59,French,France,Beta,Logistic,No
Elizabeth Taylor,0012,52,German,Switzerland,Delta,Production,No
Mary Moore,0013,55,French,France,Beta,Operation,Yes
Jennifer Williams,0014,58,French,France,Beta,Operation,No
Michael Johnson,0015,46,French,France,Beta,Planing,Yes
John Wilson,0016,58,French,France,Beta,Administration,Yes
Linda Johnson,0017,52,French,France,Alpha,Operation,Yes
William Davis,0018,40,French,France,Beta,Administration,Yes
Patricia Miller,0019,64,French,Switzerland,Epsilon,Production,No
Linda Davis,0020,42,French,Switzerland,Epsilon,Operation,Yes
John Wilson,0021,56,French,France,Beta,Sales,Yes
Patricia Moore,0022,36,French,France,Beta,Operation,Yes
Elizabeth Moore,0023,56,French,France,Alpha,Operation,No
Linda Smith,0024,59,German,Switzerland,Delta,Purchasing,Yes
Linda Miller,0025,55,French,Italy,Epsilon,Development,Yes
Robert Wilson,0026,62,French,Switzerland,Epsilon,Production,No
Linda Jones,0027,55,French,Morocco,Epsilon,Production,No
Mary Miller,0028,54,French,France,Beta,Administration,Yes
Patricia Davis,0029,59,French,France,Epsilon,Canteen,Yes
Elizabeth Moore,0030,54,French,Portugal,Epsilon,Logistic,No
Mary Moore,0031,57,German,Switzerland,Delta,Canteen,No
Jennifer Brown,0032,35,French,Portugal,Epsilon,Operation,No
Mary Jones,0033,62,German,Germany,Gamma,Logistic,Yes
Mary Smith,0034,49,French,France,Beta,Cleaning,No
Patricia Brown,0035,50,German,Vietnam,Beta,Production,No
Linda Taylor,0036,50,French,Ivory Coast,Beta,Production,Yes
Michael Davis,0037,41,German,Kosovo,Delta,Maintenance,Yes
Michael Jones,0038,61,German,Switzerland,Delta,Production,No
John Williams,0039,46,French,France,Delta,Production,Yes
Mary Taylor,0040,60,German,Switzerland,Delta,Operation,Yes
John Williams,0041,52,French,France,Beta,Operation,No
James Moore,0042,43,German,Estonia,Beta,Purchasing,Yes
Linda Smith,0043,56,French,France,Epsilon,Logistic,No
Mary Moore,0044,49,German,Switzerland,Delta,Sales,Yes
Jennifer Wilson,0045,37,French,France,Alpha,Sales,Yes
Linda Moore,0046,56,German,Switzerland,Delta,Production,No
Mary Brown,0047,57,German,Switzerland,Delta,Production,No
John Miller,0048,49,French,Switzerland,Beta,Planing,Yes
Jennifer Brown,0049,56,French,France,Alpha,Operation,Yes
Mary Jones,0050,46,French,T端rkei,Beta,Logistic,No
Patricia Taylor,0051,52,French,France,Beta,Cleaning,Yes
Jennifer Moore,0052,53,German,Congo Republic,Delta,Logistic,No
John Williams,0053,56,German,,Delta,Operation,No
Mary Miller,0054,60,German,,Delta,Operation,Yes
Linda Moore,0055,47,German,T端rkei,Delta,Operation,No
Robert Moore,0056,45,French,France,Epsilon,Logistic,Yes
Jennifer Taylor,0057,46,French,Switzerland,Epsilon,Planing,Yes
James Moore,0058,50,French,France,Delta,Production,Yes
Michael Williams,0059,36,French,Switzerland,Epsilon,Development,Yes
James Miller,0060,55,German,Switzerland,Delta,Operation,No
Robert Wilson,0061,55,French,Portugal,Epsilon,Operation,No
Mary Miller,0062,54,French,France,Epsilon,Production,No
Jennifer Johnson,0063,57,French,Portugal,Epsilon,Production,No
William Taylor,0064,54,French,Spain,Epsilon,Production,No
Michael Smith,0065,58,French,France,Epsilon,Production,Yes
Michael Davis,0066,36,German,Morocco,Delta,Logistic,No
John Moore,0067,64,French,Switzerland,Epsilon,Production,No
Patricia Johnson,0068,47,French,Switzerland,Epsilon,Maintenance,Yes
Mary Smith,0069,59,French,Switzerland,Epsilon,Production,No
Patricia Miller,0070,51,French,Switzerland,Epsilon,Maintenance,Yes
Mary Jones,0071,35,German,Switzerland,Delta,Operation,No
Elizabeth Davis,0072,49,French,Portugal,Epsilon,Production,No
Mary Davis,0073,46,French,Spain,Epsilon,Planing,Yes
Robert Davis,0074,60,French,Switzerland,Epsilon,Logistic,No
James Miller,0075,53,French,France,Epsilon,Production,No
Patricia Johnson,0076,58,French,Switzerland,Epsilon,Production,Yes
Mary Davis,0077,63,French,Switzerland,Epsilon,Operation,Yes
James Williams,0078,57,French,France,Epsilon,Operation,Yes
Elizabeth Williams,0079,52,French,Portugal,Epsilon,Operation,Yes
Linda Jones,0080,61,French,Switzerland,Epsilon,Maintenance,Yes
Michael Davis,0081,61,German,Switzerland,Beta,Cleaning,No
John Williams,0082,31,French,France,Beta,Production,No
Jennifer Brown,0083,55,French,Great Britain,Epsilon,Development,No
Mary Williams,0084,61,French,Switzerland,Epsilon,Development,No
John Smith,0085,50,French,Switzerland,Epsilon,IT,Yes
James Johnson,0086,59,French,France,Alpha,Operation,Yes
Mary Williams,0087,55,French,Albania,Epsilon,Operation,No
Michael Brown,0088,61,French,Sri Lanka,Epsilon,Logistic,No
James Taylor,0089,54,German,Switzerland,Delta,Billing,Yes
Robert Smith,0090,58,German,Switzerland,Delta,Logistic,No
Linda Williams,0091,62,German,Switzerland,Delta,Sales,Yes
James Williams,0092,56,German,Switzerland,Delta,Operation,Yes
Mary Brown,0093,61,German,Serbia,Delta,Production,No
Patricia Brown,0094,52,German,Switzerland,Gamma,Engineering,Yes
John Taylor,0095,63,German,Switzerland,Delta,Production,No
James Moore,0096,60,German,Serbia,Delta,Production,No
Jennifer Davis,0097,59,German,Switzerland,Delta,Production,No
John Wilson,0098,43,German,Switzerland,Delta,Production,Yes
Michael Wilson,0099,53,German,Switzerland,Delta,Maintenance,Yes
Patricia Brown,0100,55,German,Switzerland,Delta,Production,No
Jennifer Smith,0101,53,German,Switzerland,Delta,Purchasing,Yes
Robert Wilson,0102,46,German,Switzerland,Delta,Logistic,No
Michael Moore,0103,57,German,Switzerland,Delta,Production,Yes
Patricia Taylor,0104,58,German,Switzerland,Delta,Production,Yes
James Moore,0105,51,German,Kosovo,Delta,Canteen,No
John Davis,0106,63,German,Switzerland,Delta,Production,No
John Taylor,0107,56,German,Sri Lanka,Delta,Production,No
Mary Williams,0108,50,German,Switzerland,Delta,Calculation,Yes
William Johnson,0109,50,German,Switzerland,Delta,Cleaning,Yes
Mary Smith,0110,61,German,Switzerland,Delta,Production,No
Elizabeth Jones,0111,54,German,Switzerland,Delta,Production,No
James Jones,0112,46,German,Kosovo,Delta,Production,No
Linda Smith,0113,59,German,Italy,Delta,Operation,Yes
William Moore,0114,38,German,Switzerland,Gamma,Engineering,Yes
Patricia Moore,0115,49,German,Switzerland,Gamma,Maintenance,Yes
John Moore,0116,41,German,Switzerland,Delta,Production,Yes
Jennifer Davis,0117,64,German,Morocco,Delta,Cleaning,No
Linda Smith,0118,51,German,Switzerland,Gamma,Maintenance,Yes
Patricia Moore,0119,61,German,Albania,Delta,Cleaning,No
Mary Jones,0120,52,German,Switzerland,Delta,Logistic,Yes
Robert Johnson,0121,62,German,Switzerland,Delta,Production,No
Patricia Brown,0122,38,German,Morocco,Delta,Cleaning,Yes
John Johnson,0123,42,German,Serbia,Delta,Production,Yes
Michael Jones,0124,51,German,Italy,Delta,Maintenance,Yes
Elizabeth Taylor,0125,57,German,Germany,Delta,Operation,Yes
Robert Wilson,0126,50,French,France,Delta,Production,No
Mary Wilson,0127,45,German,Switzerland,Delta,Operation,No
Robert Smith,0128,45,German,Switzerland,Delta,Purchasing,Yes
Mary Davis,0129,59,German,Switzerland,Delta,Production,No
James Moore,0130,53,German,Bosnia-Herzegovina,Delta,Production,Yes
Patricia Jones,0131,56,German,,Delta,Production,No
William Miller,0132,59,German,Switzerland,Delta,Sales,Yes
William Moore,0133,60,German,Switzerland,Delta,Production,No
Jennifer Johnson,0134,47,German,Serbia,Delta,Cleaning,Yes
Patricia Williams,0135,56,German,Switzerland,Delta,Logistic,Yes
Jennifer Williams,0136,53,French,Switzerland,Alpha,Operation,No
Michael Taylor,0137,45,German,Macedonia,Gamma,Operation,Yes
Elizabeth Wilson,0138,62,French,France,Beta,Purchasing,Yes
James Smith,0139,43,German,Serbia,Delta,Cleaning,No
Michael Moore,0140,61,German,Switzerland,Delta,Operation,Yes
Linda Brown,0141,44,German,Serbia,Delta,Canteen,Yes
John Johnson,0142,61,German,Serbia,Delta,Production,No
Michael Smith,0143,55,German,Serbia,Delta,Production,No
Michael Brown,0144,51,German,Bosnia-Herzegovina,Delta,Operation,No
Mary Moore,0145,58,German,Thailand,Delta,Production,No
Jennifer Johnson,0146,45,German,Serbia,Delta,Cleaning,Yes
Jennifer Moore,0147,62,German,Morocco,Delta,Cleaning,No
Robert Smith,0148,54,German,Switzerland,Delta,Logistic,Yes
John Taylor,0149,49,German,Serbia,Delta,Cleaning,Yes
Jennifer Brown,0150,62,French,France,Beta,Sales,Yes
John Wilson,0151,42,German,Bosnia-Herzegovina,Delta,Cleaning,No
Linda Moore,0152,62,German,Switzerland,Delta,Sales,Yes
Michael Johnson,0153,64,German,Switzerland,Delta,Production,No
Mary Miller,0154,54,German,Switzerland,Delta,Operation,Yes
Patricia Taylor,0155,44,German,Switzerland,Delta,Maintenance,Yes
Linda Moore,0156,57,German,Switzerland,Delta,Operation,No
Patricia Taylor,0157,55,German,Switzerland,Delta,Operation,No
Linda Williams,0158,55,German,Germany,Delta,Administration,Yes
Patricia Williams,0159,48,German,Switzerland,Delta,Logistic,No
Patricia Jones,0160,60,German,Switzerland,Delta,Production,Yes
Linda Moore,0161,54,French,Serbia,Epsilon,Operation,Yes
Mary Smith,0162,59,German,Thailand,Delta,Production,No
Linda Davis,0163,47,German,Switzerland,Delta,Sales,Yes
Robert Moore,0164,61,German,Morocco,Delta,Cleaning,No
Robert Wilson,0165,61,German,Switzerland,Delta,Operation,No
Elizabeth Johnson,0166,51,German,Portugal,Delta,Cleaning,No
James Moore,0167,60,German,Switzerland,Delta,Sales,Yes
John Taylor,0168,38,German,Bosnia-Herzegovina,Delta,IT,Yes
Linda Brown,0169,42,German,Bosnia-Herzegovina,Delta,Operation,No
James Wilson,0170,63,German,Switzerland,Delta,Cleaning,No
Linda Moore,0171,30,German,Switzerland,Delta,Sales,Yes
Elizabeth Smith,0172,41,German,Switzerland,Delta,Production,No
Patricia Taylor,0173,61,German,Morocco,Delta,Cleaning,No
Jennifer Davis,0174,61,German,Morocco,Delta,Cleaning,No
Linda Smith,0175,53,German,Sri Lanka,Delta,Production,Yes
Jennifer Brown,0176,51,German,Morocco,Delta,Logistic,Yes
William Johnson,0177,52,French,Portugal,Epsilon,Logistic,No
Mary Brown,0178,54,French,France,Epsilon,Operation,No
John Jones,0179,61,German,Serbia,Delta,Production,No
Mary Wilson,0180,58,German,France,Delta,Production,No
Mary Johnson,0181,55,German,Switzerland,Delta,Purchasing,Yes
Jennifer Williams,0182,46,French,France,Beta,Quality management,Yes
John Wilson,0183,58,French,Switzerland,Epsilon,Calculation,Yes
Robert Taylor,0184,62,German,Switzerland,Delta,Logistic,No
Jennifer Taylor,0185,47,German,Germany,Delta,Operation,Yes
John Davis,0186,54,French,France,Alpha,Logistic,Yes
Patricia Brown,0187,59,French,France,Alpha,Operation,No
William Wilson,0188,54,French,France,Alpha,Operation,Yes
Elizabeth Jones,0189,58,French,France,Alpha,Operation,Yes
Robert Brown,0190,57,French,France,Alpha,Operation,Yes
James Williams,0191,54,German,Albania,Delta,Logistic,No
William Taylor,0192,55,French,France,Alpha,Operation,Yes
Jennifer Miller,0193,58,French,France,Alpha,Operation,No
Jennifer Johnson,0194,49,German,Bosnia-Herzegovina,Delta,Canteen,No
John Williams,0195,60,French,France,Beta,Logistic,Yes
Robert Taylor,0196,62,German,Switzerland,Beta,Logistic,No
Linda Davis,0197,64,German,Germany,Beta,Logistic,Yes
William Smith,0198,61,German,T端rkei,Alpha,Operation,Yes
Robert Davis,0199,63,German,Switzerland,Delta,Administration,Yes
Jennifer Jones,0200,53,German,Sri Lanka,Delta,Production,No
Elizabeth Smith,0201,29,French,France,Beta,Operation,Yes
John Brown,0202,33,French,France,Beta,Engineering,Yes
Jennifer Smith,0203,55,French,France,Epsilon,Production,No
Linda Brown,0204,45,German,Macedonia,Delta,Production,Yes
Mary Taylor,0205,52,French,Switzerland,Epsilon,Planing,Yes
Patricia Moore,0206,43,French,Portugal,Epsilon,Production,Yes
Patricia Johnson,0207,40,German,Switzerland,Delta,Operation,No
Jennifer Moore,0208,39,French,France,Beta,Engineering,Yes
William Taylor,0209,52,French,Serbia,Epsilon,Production,No
Linda Jones,0210,43,German,Switzerland,Alpha,Engineering,Yes
Jennifer Wilson,0211,46,French,Portugal,Epsilon,Production,No
Jennifer Davis,0212,44,French,France,Epsilon,Maintenance,Yes
Michael Moore,0213,31,German,Switzerland,Gamma,Administration,Yes
John Miller,0214,56,German,Germany,Delta,Operation,Yes
Mary Taylor,0215,48,French,Switzerland,Epsilon,Planing,Yes
Patricia Miller,0216,48,French,France,Beta,Logistic,Yes
Elizabeth Moore,0217,58,German,Switzerland,Delta,Operation,Yes
John Wilson,0218,54,German,Switzerland,Delta,Operation,No
Mary Taylor,0219,45,German,Germany,Delta,Administration,Yes
William Williams,0220,38,French,Serbia,Epsilon,Production,No
Michael Smith,0221,46,French,Macedonia,Epsilon,Operation,No
William Johnson,0222,47,German,Kosovo,Delta,Cleaning,No
James Williams,0223,52,German,Switzerland,Delta,Production,No
William Davis,0224,46,French,France,Beta,Cleaning,No
Michael Miller,0225,58,French,Switzerland,Epsilon,Operation,Yes
Linda Davis,0226,62,German,Germany,Delta,Logistic,No
Elizabeth Taylor,0227,55,German,Switzerland,Delta,Sales,Yes
James Davis,0228,35,French,France,Alpha,Sales,Yes
Jennifer Jones,0229,35,French,France,Beta,Operation,Yes
Jennifer Miller,0230,56,German,Serbia,Delta,Cleaning,No
Linda Johnson,0231,57,German,Switzerland,Beta,Sales,Yes
Linda Jones,0232,56,German,Portugal,Delta,Logistic,No
Michael Taylor,0233,40,French,France,Beta,Production,Yes
John Smith,0234,38,French,France,Alpha,Operation,Yes
Michael Brown,0235,41,German,Portugal,Delta,Production,Yes
Jennifer Taylor,0236,60,German,Germany,Delta,Production,Yes
John Johnson,0237,49,French,Switzerland,Epsilon,Calculation,Yes
Michael Williams,0238,26,French,France,Beta,Planing,Yes
Linda Taylor,0239,45,German,Switzerland,Delta,Project management,Yes
Robert Jones,0240,43,French,France,Beta,Operation,Yes
Patricia Taylor,0241,41,French,France,Epsilon,Maintenance,Yes
William Williams,0242,52,German,Morocco,Delta,Operation,No
William Jones,0243,40,German,Switzerland,Beta,Sales,Yes
James Moore,0244,64,French,France,Alpha,Operation,No
William Brown,0245,47,German,Switzerland,Delta,Logistic,No
William Smith,0246,45,French,Egypt,Epsilon,Production,No
William Moore,0247,46,French,France,Beta,Operation,Yes
Elizabeth Williams,0248,40,French,France,Beta,Operation,Yes
Michael Brown,0249,34,French,France,Beta,Logistic,Yes
Linda Jones,0250,48,French,France,Beta,Logistic,Yes
Robert Davis,0251,37,French,France,Beta,Cleaning,Yes
Mary Smith,0252,60,German,Switzerland,Beta,Purchasing,Yes
Jennifer Wilson,0253,47,German,Serbia,Delta,Production,No
Elizabeth Taylor,0254,34,German,Switzerland,Delta,Operation,Yes
James Smith,0255,60,German,Switzerland,Delta,Operation,No
Elizabeth Jones,0256,55,German,Sri Lanka,Delta,Production,No
Patricia Taylor,0257,29,German,Switzerland,Delta,Sales,Yes
Robert Brown,0258,38,German,Kosovo,Delta,Logistic,Yes
John Davis,0259,50,German,Germany,Alpha,Maintenance,Yes
Jennifer Smith,0260,40,German,Macedonia,Delta,Cleaning,No
Elizabeth Moore,0261,40,German,Switzerland,Delta,Engineering,Yes
John Brown,0262,39,French,France,Epsilon,Production,No
Patricia Miller,0263,32,French,Portugal,Epsilon,Logistic,Yes
Elizabeth Brown,0264,32,German,Switzerland,Delta,Sales,Yes
William Jones,0265,36,French,France,Epsilon,Security,Yes
William Wilson,0266,60,French,France,Beta,Purchasing,Yes
Jennifer Williams,0267,53,German,Kosovo,Delta,Cleaning,No
Linda Jones,0268,27,German,Switzerland,Delta,Production,Yes
Jennifer Taylor,0269,45,French,Switzerland,Epsilon,Logistic,No
Michael Miller,0270,36,French,Portugal,Epsilon,Operation,No
Patricia Smith,0271,46,German,Switzerland,Delta,Quality management,Yes
Jennifer Davis,0272,35,French,France,Beta,Logistic,Yes
Robert Miller,0273,53,German,Sri Lanka,Delta,Cleaning,No
Elizabeth Davis,0274,42,German,Germany,Delta,Production,No
Robert Davis,0275,49,German,Switzerland,Delta,Logistic,No
Patricia Smith,0276,31,German,Switzerland,Delta,Operation,Yes
William Wilson,0277,38,French,France,Beta,Cleaning,Yes
John Miller,0278,55,French,France,Beta,Operation,Yes
Jennifer Brown,0279,40,German,Morocco,Delta,Production,No
Jennifer Brown,0280,50,French,France,Beta,Operation,Yes
John Taylor,0281,37,German,Morocco,Delta,Cleaning,No
William Wilson,0282,37,German,Switzerland,Delta,Cleaning,Yes
Mary Moore,0283,42,German,Switzerland,Delta,Finance,Yes
William Brown,0284,46,French,France,Beta,Production,No
Patricia Moore,0285,28,French,France,Beta,Logistic,Yes
John Davis,0286,45,German,Germany,Delta,Operation,No
Patricia Taylor,0287,55,French,Switzerland,Epsilon,Production,Yes
Jennifer Williams,0288,48,German,Kosovo,Delta,Logistic,Yes
William Smith,0289,48,German,Switzerland,Delta,Cleaning,No
Linda Smith,0290,31,French,France,Beta,Quality management,Yes
Michael Smith,0291,47,German,Germany,Delta,Production,Yes
Patricia Brown,0292,31,French,France,Beta,Operation,Yes
James Smith,0293,43,German,Switzerland,Alpha,Sales,Yes
Patricia Davis,0294,28,French,Switzerland,Alpha,Project management,Yes
Elizabeth Jones,0295,70,German,Switzerland,Delta,Project management,Yes
James Brown,0296,46,German,Bosnia-Herzegovina,Delta,Operation,No
Mary Wilson,0297,29,German,Kosovo,Delta,Cleaning,No
Linda Jones,0298,51,German,Switzerland,Delta,Sales,Yes
Mary Jones,0299,41,German,Switzerland,Delta,Sales,Yes
Patricia Miller,0300,55,German,Germany,Delta,Maintenance,Yes
Michael Jones,0301,51,German,Switzerland,Delta,Operation,No
William Moore,0302,40,German,Kosovo,Delta,Production,No
Robert Wilson,0303,39,German,Switzerland,Delta,Calculation,Yes
Elizabeth Davis,0304,40,German,Switzerland,Delta,Planing,Yes
Linda Smith,0305,35,German,Kosovo,Delta,Cleaning,No
Mary Jones,0306,48,German,Sri Lanka,Delta,Logistic,No
Elizabeth Taylor,0307,34,German,Switzerland,Alpha,Sales,Yes
Linda Williams,0308,42,German,Switzerland,Delta,Engineering,Yes
John Brown,0309,46,German,Kosovo,Delta,Cleaning,Yes
Patricia Taylor,0310,36,German,Somalia,Delta,Cleaning,No
Patricia Moore,0311,50,German,Switzerland,Delta,Planing,Yes
Linda Williams,0312,30,German,Switzerland,Delta,Production,Yes
Michael Davis,0313,29,German,Switzerland,Delta,Operation,No
Linda Smith,0314,32,French,France,Beta,Operation,No
Michael Johnson,0315,46,German,Eritrea,Delta,Logistic,No
Jennifer Williams,0316,30,French,France,Beta,Engineering,Yes
Jennifer Brown,0317,30,French,France,Beta,Logistic,Yes
James Taylor,0318,41,German,Germany,Delta,Production,Yes
John Davis,0319,33,German,Switzerland,Delta,Logistic,Yes
William Moore,0320,56,German,Switzerland,Delta,Production,No
Linda Wilson,0321,64,German,Switzerland,Delta,Logistic,No
Jennifer Miller,0322,64,German,France,Delta,Maintenance,Yes
Patricia Davis,0323,58,German,Sri Lanka,Delta,Cleaning,No
William Miller,0324,39,German,T端rkei,Delta,Logistic,No
Patricia Moore,0325,35,German,Switzerland,Delta,Maintenance,Yes
John Miller,0326,29,French,France,Beta,Logistic,Yes
William Moore,0327,58,German,Switzerland,Delta,Operation,Yes
James Wilson,0328,40,German,Kosovo,Delta,Logistic,Yes
Michael Brown,0329,53,German,Bosnia-Herzegovina,Delta,Operation,No
Robert Smith,0330,41,German,Germany,Delta,Development,Yes
Michael Taylor,0331,60,French,Portugal,Epsilon,Operation,No
William Miller,0332,35,German,Switzerland,Delta,Planing,Yes
Mary Miller,0333,57,German,Morocco,Delta,Cleaning,No
William Williams,0334,53,German,Switzerland,Delta,Canteen,Yes
Elizabeth Jones,0335,52,German,Morocco,Delta,Production,No
Patricia Johnson,0336,54,German,Germany,Delta,Operation,Yes
Elizabeth Wilson,0337,55,German,Switzerland,Delta,Administration,Yes
William Wilson,0338,39,French,France,Alpha,Operation,No
John Taylor,0339,40,French,France,Epsilon,Development,Yes
Robert Miller,0340,40,German,Switzerland,Delta,Production,Yes
Linda Taylor,0341,48,French,Switzerland,Epsilon,IT,Yes
Elizabeth Taylor,0342,54,French,Algeria,Delta,Production,No
Robert Jones,0343,61,German,Germany,Delta,Maintenance,Yes
Robert Davis,0344,62,German,Morocco,Delta,Cleaning,No
Linda Moore,0345,35,French,Switzerland,Epsilon,Logistic,No
Mary Smith,0346,51,German,Congo Republic,Delta,Operation,No
Elizabeth Wilson,0347,37,German,,Gamma,Operation,Yes
Mary Moore,0348,63,French,Portugal,Epsilon,Production,No
Robert Jones,0349,58,German,Germany,Delta,Operation,Yes
Linda Taylor,0350,45,French,Poland,Epsilon,Production,Yes
Elizabeth Wilson,0351,36,German,Bosnia-Herzegovina,Delta,Operation,No
Michael Williams,0352,39,French,Portugal,Epsilon,Production,Yes
James Johnson,0353,38,German,Germany,Delta,Operation,Yes
Elizabeth Jones,0354,59,German,Switzerland,Delta,Administration,Yes
Mary Smith,0355,52,German,Serbia,Delta,Production,No
Mary Brown,0356,61,French,Portugal,Epsilon,Production,No
Mary Williams,0357,46,French,Switzerland,Epsilon,Production,No
Elizabeth Miller,0358,33,French,France,Alpha,Sales,Yes
John Williams,0359,61,German,Switzerland,Delta,Logistic,No
John Jones,0360,44,French,France,Beta,Production,Yes
Robert Williams,0361,34,German,Morocco,Delta,Production,Yes
Michael Smith,0362,39,French,Portugal,Epsilon,Operation,Yes
Patricia Miller,0363,33,German,Switzerland,Delta,Cleaning,Yes
John Moore,0364,43,French,France,Epsilon,Logistic,Yes
James Wilson,0365,48,French,Congo Republic,Epsilon,Production,No
Patricia Brown,0366,56,French,,Epsilon,Production,No
James Miller,0367,48,German,Morocco,Delta,Cleaning,Yes
Patricia Wilson,0368,57,French,Spain,Epsilon,Production,No
Jennifer Miller,0369,53,German,Switzerland,Beta,Sales,Yes
John Brown,0370,41,French,France,Beta,Logistic,No
Linda Jones,0371,42,French,France,Beta,Logistic,No
Jennifer Williams,0372,51,German,Switzerland,Delta,Operation,No
Jennifer Johnson,0373,41,German,Germany,Delta,Maintenance,Yes
James Wilson,0374,42,French,Switzerland,Epsilon,Calculation,Yes
William Taylor,0375,31,French,France,Beta,Planing,Yes
Robert Williams,0376,49,French,France,Beta,Operation,No
Patricia Smith,0377,51,German,Switzerland,Delta,Purchasing,Yes
Robert Smith,0378,35,French,France,Beta,Cleaning,Yes
Elizabeth Moore,0379,38,French,France,Beta,Operation,Yes
Jennifer Wilson,0380,43,German,Czech republic,Delta,Production,No
John Miller,0381,57,German,,Delta,Production,No
Mary Miller,0382,32,French,Portugal,Epsilon,Operation,Yes
Elizabeth Miller,0383,53,French,Poland,Epsilon,Logistic,No
Elizabeth Davis,0384,47,French,Switzerland,Epsilon,Calculation,Yes
Robert Johnson,0385,49,French,Portugal,Epsilon,Production,Yes
Michael Wilson,0386,40,French,Ecuador,Epsilon,Logistic,Yes
James Davis,0387,44,French,Portugal,Epsilon,Production,Yes
Mary Jones,0388,34,German,Switzerland,Delta,Operation,Yes
Linda Wilson,0389,42,German,Switzerland,Delta,Maintenance,Yes
James Moore,0390,52,German,Switzerland,Delta,Operation,Yes
James Jones,0391,38,German,Switzerland,Delta,Maintenance,Yes
Linda Taylor,0392,47,German,Serbia,Delta,Cleaning,No
Elizabeth Johnson,0393,44,German,Morocco,Delta,Operation,Yes
Linda Smith,0394,37,French,Portugal,Epsilon,Development,Yes
Linda Johnson,0395,55,French,Switzerland,Epsilon,Production,No
Michael Taylor,0396,39,German,Germany,Gamma,Maintenance,Yes
Jennifer Johnson,0397,47,French,Poland,Epsilon,Production,No
William Johnson,0398,46,German,Morocco,Delta,Cleaning,No
Linda Williams,0399,35,French,Switzerland,Epsilon,Development,Yes
Robert Jones,0400,36,French,France,Beta,Logistic,No
Jennifer Davis,0401,44,French,Peru,Epsilon,Development,No
Linda Smith,0402,34,German,Germany,Gamma,Logistic,Yes
William Taylor,0403,52,French,France,Beta,Logistic,Yes
Michael Davis,0404,38,French,Ghana,Epsilon,Production,Yes
James Jones,0405,57,French,Spain,Epsilon,Production,No
James Johnson,0406,29,German,Switzerland,Delta,Logistic,Yes
John Davis,0407,50,German,Switzerland,Delta,Operation,Yes
Michael Smith,0408,53,French,France,Beta,Logistic,No
John Smith,0409,37,French,France,Epsilon,Operation,No
Elizabeth Davis,0410,49,French,Switzerland,Epsilon,Production,No
Patricia Wilson,0411,43,French,Portugal,Epsilon,Production,No
Robert Taylor,0412,41,German,Switzerland,Delta,Sales,Yes
John Brown,0413,52,French,France,Beta,Quality management,Yes
Jennifer Smith,0414,31,French,France,Beta,Operation,Yes
Elizabeth Miller,0415,53,German,Switzerland,Beta,Production,No
Michael Brown,0416,35,German,Italy,Delta,Production,Yes
William Taylor,0417,36,French,Portugal,Epsilon,Development,Yes
James Davis,0418,33,French,Portugal,Epsilon,Development,Yes
Jennifer Miller,0419,32,German,Germany,Delta,Operation,No
Robert Taylor,0420,34,French,France,Beta,Cleaning,No
Elizabeth Smith,0421,59,German,Switzerland,Delta,Production,No
Linda Johnson,0422,51,French,France,Beta,Cleaning,No
Mary Moore,0423,64,German,Switzerland,Delta,Logistic,Yes
Michael Johnson,0424,35,French,France,Beta,Engineering,Yes
John Jones,0425,26,German,Switzerland,Delta,Operation,Yes
Linda Brown,0426,55,German,Switzerland,Delta,Operation,No
Elizabeth Taylor,0427,43,French,France,Epsilon,Logistic,Yes
Linda Brown,0428,51,German,Switzerland,Delta,Production,Yes
William Davis,0429,62,French,Portugal,Epsilon,Production,No
James Miller,0430,63,French,Switzerland,Epsilon,Canteen,No
James Taylor,0431,45,French,Portugal,Epsilon,Logistic,Yes
William Moore,0432,54,French,Switzerland,Epsilon,Operation,Yes
Jennifer Miller,0433,47,French,Serbia,Epsilon,Logistic,No
Robert Miller,0434,42,French,France,Epsilon,Logistic,No
Jennifer Taylor,0435,57,French,France,Epsilon,Logistic,No
Patricia Wilson,0436,41,French,Switzerland,Epsilon,IT,Yes
Elizabeth Smith,0437,47,French,France,Epsilon,Planing,Yes
Patricia Miller,0438,59,French,France,Epsilon,Production,No
Jennifer Miller,0439,45,French,Macedonia,Epsilon,Operation,Yes
William Wilson,0440,44,French,France,Epsilon,Operation,Yes
Jennifer Johnson,0441,29,German,Croatia,Delta,Production,Yes
Michael Taylor,0442,27,French,Switzerland,Beta,Logistic,No
Mary Johnson,0443,46,German,Great Britain,Delta,Production,No
Linda Williams,0444,34,French,France,Beta,Sales,Yes
William Johnson,0445,56,French,Switzerland,Epsilon,Operation,Yes
James Miller,0446,42,French,France,Beta,Operation,No
Linda Davis,0447,54,German,Switzerland,Delta,Sales,Yes
Robert Williams,0448,51,French,Switzerland,Epsilon,Operation,Yes
Jennifer Miller,0449,56,German,Switzerland,Beta,Purchasing,Yes
James Wilson,0450,55,French,Switzerland,Epsilon,Production,No
Patricia Davis,0451,45,German,Croatia,Delta,Operation,Yes
Mary Wilson,0452,44,German,Switzerland,Gamma,Engineering,Yes
Jennifer Moore,0453,47,German,Switzerland,Delta,Logistic,Yes
Jennifer Jones,0454,52,German,Sri Lanka,Delta,Production,Yes
Patricia Brown,0455,48,German,Macedonia,Delta,Production,No
Mary Williams,0456,33,German,Switzerland,Delta,Planing,Yes
Michael Williams,0457,52,German,Albania,Delta,Logistic,No
Patricia Jones,0458,40,French,France,Gamma,Engineering,Yes
Mary Johnson,0459,53,German,France,Alpha,Sales,Yes
William Miller,0460,31,German,Switzerland,Delta,Production,Yes
James Smith,0461,53,German,Switzerland,Delta,Operation,No
John Moore,0462,61,German,Switzerland,Delta,Operation,No
Michael Taylor,0463,55,German,Switzerland,Delta,Operation,Yes
William Miller,0464,60,German,Switzerland,Delta,Operation,No
Mary Smith,0465,52,French,France,Alpha,Operation,Yes
John Miller,0466,54,German,Switzerland,Gamma,Finance,Yes
Robert Smith,0467,33,German,Germany,Delta,Production,No
John Jones,0468,47,French,France,Beta,Cleaning,Yes
Linda Brown,0469,49,German,Turkey,Delta,Cleaning,No
John Smith,0470,61,French,,Epsilon,Production,No
Michael Taylor,0471,49,German,Germany,Delta,Production,Yes
William Williams,0472,56,French,Spain,Delta,Production,No
Mary Wilson,0473,28,French,France,Beta,Logistic,Yes
William Johnson,0474,56,French,Austria,Epsilon,Operation,Yes
John Brown,0475,63,German,,Delta,Production,No
Jennifer Davis,0476,31,French,France,Beta,Planing,Yes
John Moore,0477,44,French,France,Beta,Logistic,Yes
William Brown,0478,60,French,France,Beta,Cleaning,No
Mary Smith,0479,38,French,Switzerland,Epsilon,Operation,Yes
James Moore,0480,29,German,Hungary,Delta,Production,Yes
James Jones,0481,50,German,Switzerland,Delta,Logistic,Yes
William Williams,0482,49,French,Switzerland,Epsilon,Maintenance,Yes
Elizabeth Johnson,0483,30,German,Switzerland,Delta,Administration,Yes
Patricia Johnson,0484,42,German,Switzerland,Delta,Planing,Yes
Linda Wilson,0485,62,German,Switzerland,Delta,Canteen,Yes
Mary Johnson,0486,47,German,Switzerland,Delta,Maintenance,Yes
John Davis,0487,62,German,Turkey,Delta,Cleaning,No
Patricia Davis,0488,60,German,Switzerland,Delta,Project management,Yes
Jennifer Smith,0489,48,German,Switzerland,Delta,Planing,Yes
Mary Taylor,0490,34,German,Switzerland,Delta,Calculation,Yes
Linda Miller,0491,32,German,Switzerland,Delta,Sales,Yes
William Jones,0492,61,German,Switzerland,Delta,Maintenance,Yes
William Johnson,0493,22,French,Switzerland,Beta,Quality management,Yes
Linda Jones,0494,57,German,Switzerland,Delta,Sales,Yes
Robert Smith,0495,33,German,Switzerland,Alpha,Security,Yes
Elizabeth Brown,0496,50,German,Belgium,Delta,Operation,No
Michael Davis,0497,61,German,,Delta,Logistic,No
William Brown,0498,56,German,Sri Lanka,Delta,Logistic,No
Elizabeth Smith,0499,56,German,Croatia,Delta,Logistic,No
Elizabeth Smith,0500,63,German,Switzerland,Delta,Production,Yes
Robert Williams,0501,27,German,Afghanistan,Delta,Logistic,No
James Williams,0502,31,German,Eritrea,Delta,Production,Yes
Robert Miller,0503,32,German,Switzerland,Delta,Canteen,Yes
Robert Brown,0504,36,German,Switzerland,Delta,Operation,Yes
Mary Smith,0505,25,French,France,Beta,Operation,No
John Miller,0506,28,German,Eritrea,Gamma,Maintenance,Yes
Elizabeth Williams,0507,36,German,Switzerland,Delta,Maintenance,Yes
Mary Taylor,0508,36,French,France,Beta,Sales,Yes
Elizabeth Williams,0509,58,German,Switzerland,Delta,Logistic,Yes
Linda Johnson,0510,48,German,Switzerland,Delta,Maintenance,Yes
Jennifer Wilson,0511,36,French,France,Beta,Logistic,Yes
Patricia Wilson,0512,50,German,Switzerland,Delta,Sales,Yes
Elizabeth Williams,0513,45,German,Switzerland,Delta,Operation,No
Robert Smith,0514,53,German,Italy,Delta,Cleaning,No
James Johnson,0515,41,German,Belgium,Delta,Cleaning,No
James Smith,0516,24,German,Switzerland,Delta,Production,No
Mary Moore,0517,34,French,France,Beta,Planing,Yes
Jennifer Smith,0518,36,German,Switzerland,Delta,Calculation,Yes
Robert Williams,0519,51,German,Portugal,Delta,Operation,No
Elizabeth Davis,0520,38,German,Brazil,Delta,Operation,No
Jennifer Wilson,0521,30,German,Switzerland,Delta,Operation,Yes
James Taylor,0522,29,French,France,Beta,Operation,Yes
Robert Miller,0523,27,French,France,Beta,Operation,Yes
Jennifer Brown,0524,28,French,France,Beta,Operation,Yes
Robert Miller,0525,44,French,France,Beta,Production,No
John Jones,0526,41,German,Germany,Alpha,Engineering,Yes
Patricia Williams,0527,52,French,France,Beta,Sales,Yes
Elizabeth Williams,0528,52,German,Germany,Delta,Maintenance,Yes
Elizabeth Moore,0529,37,German,Switzerland,Beta,Purchasing,Yes
Patricia Brown,0530,24,French,France,Beta,Operation,No
Jennifer Taylor,0531,44,German,Switzerland,Delta,Sales,Yes
John Johnson,0532,36,German,Switzerland,Delta,Maintenance,Yes
Robert Smith,0533,39,German,Switzerland,Delta,Administration,Yes
Mary Brown,0534,34,French,France,Beta,Logistic,No
John Johnson,0535,43,German,Switzerland,Delta,Production,Yes
Michael Moore,0536,32,German,Switzerland,Delta,Development,Yes
Robert Jones,0537,38,French,France,Delta,Production,No
Mary Brown,0538,46,German,Slovakia,Delta,Operation,No
Elizabeth Taylor,0539,46,French,,Beta,Operation,Yes
James Smith,0540,34,French,Switzerland,Epsilon,IT,Yes
Michael Taylor,0541,39,German,Syria,Delta,Production,No
Mary Jones,0542,38,German,Eritrea,Delta,Production,No
Robert Miller,0543,27,German,Switzerland,Alpha,Engineering,Yes
Michael Miller,0544,34,German,Morocco,Delta,Production,No
Robert Davis,0545,55,German,Portugal,Delta,Production,No
Patricia Davis,0546,40,German,Portugal,Delta,Production,No
Linda Johnson,0547,52,French,France,Beta,Production,No
Elizabeth Williams,0548,32,German,Switzerland,Delta,Sales,Yes
Michael Davis,0549,49,German,Switzerland,Delta,IT,Yes
Patricia Wilson,0550,29,German,Sri Lanka,Epsilon,Logistic,No
James Brown,0551,28,German,Switzerland,Delta,Maintenance,Yes
Robert Taylor,0552,38,German,Germany,Gamma,Maintenance,Yes
Elizabeth Moore,0553,55,German,Switzerland,Delta,Sales,Yes
Michael Smith,0554,58,German,Switzerland,Alpha,Security,Yes
Michael Miller,0555,46,German,Italy,Delta,Cleaning,No
Linda Moore,0556,50,French,Spain,Epsilon,Operation,No
James Miller,0557,49,German,Switzerland,Delta,Operation,No
William Moore,0558,37,German,Sri Lanka,Delta,Cleaning,No
James Taylor,0559,25,German,Germany,Delta,Operation,Yes
Linda Davis,0560,44,German,Syria,Delta,Logistic,No
John Taylor,0561,33,French,Italy,Epsilon,Production,No
Mary Smith,0562,43,German,Algeria,Delta,Operation,Yes
James Davis,0563,43,French,Poland,Epsilon,Logistic,No
James Jones,0564,31,German,Eritrea,Delta,Production,No
Linda Wilson,0565,42,German,Eritrea,Delta,Logistic,Yes
Jennifer Miller,0566,60,French,Portugal,Epsilon,Operation,No
Robert Moore,0567,29,German,Switzerland,Delta,Sales,Yes
Mary Davis,0568,35,German,Switzerland,Delta,Maintenance,Yes
Linda Miller,0569,33,German,Switzerland,Delta,Sales,Yes
Robert Williams,0570,31,German,Eritrea,Delta,Production,Yes
Elizabeth Miller,0571,54,French,France,Epsilon,Planing,Yes
John Williams,0572,33,German,Hungary,Delta,Production,No
James Williams,0573,27,German,Switzerland,Delta,Engineering,Yes
Robert Davis,0574,25,German,Eritrea,Delta,Logistic,Yes
Mary Williams,0575,41,German,Switzerland,Delta,Cleaning,Yes
Robert Williams,0576,46,German,Germany,Alpha,Security,Yes
Patricia Davis,0577,58,German,Morocco,Delta,Production,No
James Wilson,0578,52,German,Morocco,Delta,Production,No
Robert Miller,0579,31,French,France,Epsilon,Maintenance,Yes
Jennifer Taylor,0580,30,German,Eritrea,Delta,Production,Yes
Mary Williams,0581,43,German,Switzerland,Alpha,Project management,Yes
William Moore,0582,55,German,Switzerland,Delta,Maintenance,Yes
John Moore,0583,28,German,Switzerland,Delta,Sales,Yes
Linda Wilson,0584,28,German,Eritrea,Delta,Production,Yes
John Davis,0585,37,German,Germany,Alpha,Engineering,Yes
Robert Moore,0586,43,German,Germany,Delta,Maintenance,Yes
Michael Williams,0587,44,German,Switzerland,Delta,Administration,Yes
Jennifer Miller,0588,26,German,Spain,Delta,Maintenance,Yes
Patricia Taylor,0589,61,German,Switzerland,Delta,Maintenance,Yes
Elizabeth Davis,0590,35,German,Switzerland,Delta,Cleaning,Yes
Michael Smith,0591,51,German,Germany,Delta,Operation,No
Patricia Taylor,0592,23,French,France,Beta,Planing,Yes
Mary Wilson,0593,52,German,Switzerland,Delta,Maintenance,Yes
Patricia Jones,0594,43,German,Hungary,Delta,Production,Yes
Jennifer Johnson,0595,37,German,Morocco,Delta,Cleaning,No
Michael Johnson,0596,45,German,Switzerland,Delta,Logistic,Yes
Patricia Wilson,0597,18,German,Kosovo,Delta,Logistic,No
Michael Taylor,0598,56,German,Bosnia-Herzegovina,Delta,Operation,No
Jennifer Jones,0599,19,German,Switzerland,Delta,Production,Yes
Linda Johnson,0600,53,German,Hungary,Delta,Production,No
Jennifer Williams,0601,31,German,Switzerland,Delta,Development,Yes
Jennifer Williams,0602,25,German,Switzerland,Delta,Production,Yes
Linda Miller,0603,28,German,Switzerland,Delta,Operation,No
Patricia Miller,0604,37,German,Macedonia,Delta,Production,Yes
Mary Moore,0605,43,German,Switzerland,Delta,Sales,Yes
John Miller,0606,40,German,Iraq,Delta,Maintenance,Yes
John Brown,0607,54,German,Switzerland,Delta,Billing,Yes
Patricia Johnson,0608,28,German,Afghanistan,Delta,Operation,Yes
Robert Smith,0609,58,German,France,Beta,Purchasing,Yes
Patricia Moore,0610,48,French,Portugal,Epsilon,Logistic,No
Patricia Johnson,0611,34,French,Italy,Epsilon,Logistic,No
John Moore,0612,37,French,Portugal,Epsilon,Production,No
Michael Jones,0613,42,German,Slovakia,Delta,Logistic,Yes
Patricia Jones,0614,38,French,France,Epsilon,Production,No
John Miller,0615,55,German,Switzerland,Delta,Canteen,Yes
James Smith,0616,41,French,France,Epsilon,Canteen,Yes
Jennifer Johnson,0617,63,German,Switzerland,Delta,Sales,Yes
James Miller,0618,54,German,Switzerland,Gamma,Maintenance,Yes
Mary Johnson,0619,50,German,Switzerland,Gamma,Engineering,Yes
Robert Taylor,0620,35,German,Poland,Delta,Production,Yes
Patricia Wilson,0621,42,German,Portugal,Delta,Logistic,No
William Smith,0622,50,French,Italy,Epsilon,Logistic,Yes
Michael Miller,0623,29,French,Guinea,Epsilon,Production,No
Mary Davis,0624,40,German,Switzerland,Delta,IT,Yes
Robert Williams,0625,29,French,France,Beta,Operation,Yes
James Wilson,0626,25,French,France,Beta,Operation,Yes
Patricia Williams,0627,43,French,France,Beta,Operation,No
William Moore,0628,29,German,Switzerland,Delta,Calculation,Yes
Michael Smith,0629,39,German,Italy,Delta,Production,No
Linda Wilson,0630,36,German,Macedonia,Delta,Production,No
Michael Moore,0631,47,French,France,Alpha,Operation,Yes
Robert Davis,0632,30,German,Bosnia-Herzegovina,Delta,IT,Yes
Elizabeth Miller,0633,28,German,Latvia,Delta,Canteen,No
Mary Moore,0634,44,German,Germany,Delta,Logistic,No
Patricia Williams,0635,51,German,Turkey,Delta,Operation,No
James Moore,0636,24,German,Turkey,Beta,Purchasing,Yes
Patricia Brown,0637,41,German,Switzerland,Delta,Project management,Yes
James Brown,0638,26,German,Switzerland,Delta,Sales,Yes
Jennifer Smith,0639,38,German,Iran,Delta,IT,Yes
Elizabeth Taylor,0640,40,French,France,Epsilon,Maintenance,Yes
John Smith,0641,29,German,Germany,Delta,Maintenance,Yes
Elizabeth Johnson,0642,39,German,Slovakia,Delta,Production,No
William Smith,0643,23,French,Portugal,Epsilon,Development,Yes
Patricia Taylor,0644,46,German,Switzerland,Beta,Engineering,Yes
Mary Johnson,0645,44,German,Hungary,Delta,Production,No
Robert Miller,0646,25,German,Italy,Delta,Logistic,No
Mary Davis,0647,37,German,India,Delta,Logistic,No
James Taylor,0648,31,French,Switzerland,Epsilon,Logistic,Yes
Robert Smith,0649,36,German,Kosovo,Delta,Maintenance,Yes
John Johnson,0650,29,French,France,Beta,Logistic,No
Jennifer Williams,0651,17,German,Switzerland,Delta,HR,Yes
John Davis,0652,18,German,Eritrea,Delta,Maintenance,Yes
Elizabeth Williams,0653,57,German,Switzerland,Delta,Production,No
James Moore,0654,38,German,Switzerland,Delta,Operation,Yes
Jennifer Wilson,0655,27,German,Hungary,Delta,Production,Yes
Linda Miller,0656,23,German,Switzerland,Delta,Calculation,Yes
Michael Johnson,0657,44,German,Switzerland,Gamma,Maintenance,Yes
William Miller,0658,38,French,Kosovo,Epsilon,Operation,No
William Miller,0659,41,German,Switzerland,Gamma,Engineering,Yes
Robert Williams,0660,50,German,Italy,Delta,Operation,No
James Taylor,0661,47,German,Switzerland,Delta,Production,No
John Jones,0662,36,German,Switzerland,Delta,Calculation,Yes
Elizabeth Wilson,0663,41,German,Italy,Delta,Production,No
Jennifer Johnson,0664,27,German,Albania,Delta,Production,No
John Miller,0665,52,French,France,Epsilon,Production,No
Patricia Miller,0666,55,German,Germany,Delta,IT,Yes
Robert Jones,0667,27,French,France,Epsilon,Maintenance,Yes
John Moore,0668,41,French,Portugal,Epsilon,Production,No
James Jones,0669,33,German,Switzerland,Delta,Calculation,Yes
Mary Smith,0670,53,German,Switzerland,Delta,Maintenance,Yes
James Miller,0671,55,German,Switzerland,Gamma,Administration,Yes
William Brown,0672,30,German,Switzerland,Delta,Production,Yes
Mary Miller,0673,43,German,Morocco,Delta,Production,Yes
James Miller,0674,24,German,Afghanistan,Delta,Production,No
Michael Miller,0675,48,German,Slovenia,Delta,Logistic,No
Robert Johnson,0676,29,German,,Delta,Production,Yes
Patricia Davis,0677,38,French,Switzerland,Epsilon,Maintenance,Yes
Robert Williams,0678,29,German,Albania,Delta,Production,No
Michael Taylor,0679,35,German,Germany,Delta,Logistic,Yes
Robert Miller,0680,30,German,Macedonia,Delta,Logistic,No
John Brown,0681,16,German,Switzerland,Delta,Production,Yes
John Miller,0682,33,German,Switzerland,Alpha,Sales,Yes
James Johnson,0683,49,German,Switzerland,Gamma,Maintenance,Yes
James Wilson,0684,26,French,France,Epsilon,Production,Yes
Robert Miller,0685,23,German,Switzerland,Delta,Logistic,No
Robert Jones,0686,19,German,Ukraine,Delta,Logistic,No
Patricia Wilson,0687,39,German,Croatia,Delta,Operation,No
Linda Johnson,0688,36,German,Czech republic,Delta,Operation,No
William Brown,0689,18,German,,Delta,Production,Yes
James Miller,0690,19,German,Kenya,Delta,Production,Yes
John Williams,0691,17,German,Bosnia-Herzegovina,Delta,Production,Yes
William Moore,0692,45,German,Switzerland,Delta,Maintenance,Yes
Mary Taylor,0693,52,German,Sri Lanka,Delta,Production,No
James Jones,0694,37,German,Eritrea,Delta,Production,No
James Wilson,0695,52,German,Switzerland,Delta,Production,No
Michael Smith,0696,31,German,Eritrea,Delta,Production,No
Patricia Davis,0697,49,German,Hungary,Delta,Logistic,No
Jennifer Wilson,0698,25,German,Switzerland,Gamma,Engineering,Yes
Elizabeth Taylor,0699,31,German,Germany,Delta,Administration,Yes
Elizabeth Wilson,0700,51,German,Greece,Delta,Maintenance,Yes
Linda Williams,0701,21,German,,Delta,Logistic,Yes
John Jones,0702,52,German,Switzerland,Delta,Production,No
Mary Smith,0703,46,German,Switzerland,Delta,Operation,Yes
Linda Miller,0704,49,German,Germany,Gamma,Maintenance,Yes
Robert Davis,0705,21,German,Switzerland,Delta,Maintenance,Yes
Linda Johnson,0706,33,German,Greece,Delta,Maintenance,Yes
James Smith,0707,46,German,,Delta,Operation,No
Patricia Davis,0708,32,German,Switzerland,Gamma,Operation,Yes
John Davis,0709,43,German,Germany,Delta,IT,Yes
Mary Wilson,0710,53,German,Switzerland,Delta,Production,No
Michael Smith,0711,46,German,Switzerland,Delta,Operation,Yes
Elizabeth Jones,0712,24,German,Eritrea,Delta,Production,No
Linda Wilson,0713,33,French,France,Epsilon,Maintenance,Yes
Patricia Wilson,0714,34,German,Sri Lanka,Delta,Production,No
Patricia Williams,0715,32,German,Slovakia,Delta,Logistic,No
James Wilson,0716,28,German,Kosovo,Delta,Operation,No
Robert Jones,0717,33,French,France,Epsilon,Maintenance,Yes
William Jones,0718,36,German,Eritrea,Delta,Production,No
James Wilson,0719,48,French,France,Beta,Operation,No
Elizabeth Williams,0720,30,French,France,Beta,Operation,No
James Brown,0721,41,German,Germany,Gamma,Production,Yes
William Brown,0722,34,German,Switzerland,Alpha,Project management,Yes
Robert Smith,0723,28,German,Eritrea,Delta,Logistic,No
Elizabeth Moore,0724,33,French,France,Beta,Operation,No
Michael Wilson,0725,55,German,Switzerland,Delta,Administration,Yes
William Taylor,0726,41,German,Switzerland,Delta,Administration,Yes
William Smith,0727,31,German,Switzerland,Delta,Sales,Yes
Robert Davis,0728,35,German,Switzerland,Gamma,Maintenance,Yes
Elizabeth Smith,0729,44,German,Germany,Gamma,Maintenance,Yes
Linda Taylor,0730,49,German,Slovenia,Gamma,Operation,Yes
John Miller,0731,27,German,Afghanistan,Delta,Production,Yes
Jennifer Miller,0732,23,German,Switzerland,Delta,Production,Yes
James Smith,0733,35,German,Bulgaria,Delta,Production,No
Patricia Taylor,0734,42,German,Bulgaria,Delta,Production,No
Mary Wilson,0735,30,German,Switzerland,Gamma,Maintenance,Yes
John Miller,0736,59,German,Switzerland,Gamma,Maintenance,Yes
William Davis,0737,27,French,France,Beta,Operation,No
Michael Johnson,0738,55,French,Portugal,Beta,Operation,No
Linda Johnson,0739,15,German,Switzerland,Delta,Production,Yes
Jennifer Moore,0740,45,German,Germany,Delta,Maintenance,Yes
Michael Brown,0741,49,German,France,Gamma,Logistic,Yes
Patricia Moore,0742,34,German,Croatia,Gamma,Maintenance,Yes
Jennifer Jones,0743,31,French,France,Epsilon,Logistic,Yes
Robert Davis,0744,46,German,Italy,Delta,Maintenance,Yes
Mary Brown,0745,26,German,Germany,Beta,Purchasing,Yes
John Williams,0746,28,French,France,Beta,Cleaning,No
John Smith,0747,26,French,France,Beta,Cleaning,No
Michael Smith,0748,29,French,France,Beta,Cleaning,Yes
Patricia Wilson,0749,25,French,France,Beta,Cleaning,No
James Johnson,0750,38,German,Bulgaria,Delta,IT,Yes
Linda Taylor,0751,44,German,Hungary,Delta,IT,Yes
John Johnson,0752,29,French,France,Beta,Operation,No
John Brown,0753,43,German,Switzerland,Gamma,Operation,Yes
Mary Williams,0754,32,German,China,Delta,Operation,No
William Jones,0755,47,German,France,Delta,Production,No
Michael Wilson,0756,25,German,Morocco,Delta,Production,No
Jennifer Miller,0757,21,German,Switzerland,Delta,Calculation,Yes
John Brown,0758,39,German,Sri Lanka,Delta,Operation,No
Patricia Smith,0759,44,German,Slovakia,Delta,Operation,Yes
Michael Brown,0760,53,German,Switzerland,Delta,Operation,No
James Brown,0761,17,German,Eritrea,Delta,Logistic,Yes
Linda Williams,0762,25,German,Switzerland,Beta,Quality management,Yes
Robert Williams,0763,34,German,Hungary,Delta,Canteen,No
William Johnson,0764,40,German,Ukraine,Delta,Operation,No
Robert Brown,0765,40,German,Ukraine,Delta,Operation,No
Linda Davis,0766,23,German,Switzerland,Gamma,Maintenance,Yes
Linda Taylor,0767,39,German,Switzerland,Delta,IT,Yes
William Moore,0768,25,German,Switzerland,Gamma,Engineering,Yes
Linda Brown,0769,34,German,Turkey,Delta,Cleaning,No
Robert Davis,0770,53,German,Hungary,Delta,Production,No
Robert Taylor,0771,21,German,Switzerland,Delta,Sales,Yes
Mary Taylor,0772,32,German,Switzerland,Delta,Planing,Yes
James Taylor,0773,39,French,Italy,Epsilon,Logistic,No
Linda Williams,0774,49,French,France,Delta,Calculation,Yes
Patricia Smith,0775,32,German,Romania,Delta,Maintenance,Yes
Elizabeth Moore,0776,28,German,,Gamma,Logistic,Yes
William Jones,0777,42,German,Portugal,Delta,Operation,No
Mary Brown,0778,44,German,Germany,Delta,Operation,Yes
Michael Jones,0779,52,German,Morocco,Delta,Logistic,No
John Williams,0780,29,German,Pakistan,Delta,Production,No
Mary Johnson,0781,37,German,Switzerland,Gamma,Production,Yes
Robert Brown,0782,44,German,Germany,Beta,Sales,Yes
Michael Davis,0783,47,French,Italy,Epsilon,Production,No
Elizabeth Brown,0784,32,German,Switzerland,Delta,Sales,Yes
James Brown,0785,22,German,Senegal,Delta,Production,No
William Smith,0786,40,French,Switzerland,Alpha,Sales,Yes
Elizabeth Wilson,0787,38,German,Germany,Delta,Operation,Yes
James Miller,0788,17,German,Afghanistan,Delta,Production,Yes
Linda Brown,0789,33,German,Brazil,Delta,Canteen,No
William Brown,0790,31,French,France,Beta,Planing,Yes
William Smith,0791,25,German,Hungary,Delta,Operation,No
Elizabeth Davis,0792,30,German,Switzerland,Delta,Canteen,No
Patricia Wilson,0793,28,German,Switzerland,Delta,Sales,Yes
Robert Williams,0794,59,French,Switzerland,Epsilon,Maintenance,Yes
Jennifer Johnson,0795,33,German,Afghanistan,Delta,Production,No
Elizabeth Miller,0796,30,German,Switzerland,Delta,Planing,Yes
Elizabeth Davis,0797,41,German,Switzerland,Delta,Maintenance,Yes
Mary Moore,0798,31,German,Hungary,Delta,Operation,No
Jennifer Smith,0799,31,German,Switzerland,Gamma,Maintenance,Yes
Jennifer Davis,0800,28,German,Kosovo,Delta,Maintenance,Yes
Mary Davis,0801,24,German,Switzerland,Delta,Operation,Yes
William Smith,0802,57,German,Switzerland,Gamma,Security,Yes
Michael Williams,0803,47,German,Croatia,Delta,Maintenance,Yes
Elizabeth Brown,0804,52,German,France,Delta,Maintenance,Yes
James Moore,0805,42,German,Portugal,Delta,Operation,No
John Miller,0806,48,German,Portugal,Delta,Operation,No
Jennifer Taylor,0807,49,German,Italy,Gamma,Logistic,Yes
Jennifer Wilson,0808,28,French,France,Gamma,Logistic,Yes
James Johnson,0809,36,French,Italy,Gamma,Operation,Yes
Linda Williams,0810,37,French,France,Gamma,Logistic,Yes
Elizabeth Williams,0811,35,German,France,Gamma,Operation,Yes
Robert Johnson,0812,21,German,Kosovo,Gamma,Production,Yes
Jennifer Brown,0813,46,German,Spain,Gamma,Logistic,Yes
Patricia Jones,0814,28,German,Poland,Delta,Operation,No
Patricia Miller,0815,28,German,Bulgaria,Delta,Operation,No
Michael Moore,0816,57,German,Portugal,Delta,Canteen,Yes
Mary Jones,0817,36,German,Germany,Delta,Canteen,Yes
Robert Wilson,0818,57,German,Switzerland,Delta,Canteen,No
Robert Wilson,0819,22,German,Switzerland,Alpha,Engineering,Yes
John Jones,0820,29,German,Portugal,Delta,Operation,Yes
James Miller,0821,28,German,Switzerland,Delta,Calculation,Yes
John Jones,0822,26,German,Bulgaria,Delta,Maintenance,Yes
Elizabeth Wilson,0823,51,German,Switzerland,Delta,Cleaning,No
Mary Williams,0824,34,German,Hungary,Delta,Production,No
Linda Taylor,0825,25,German,Afghanistan,Delta,Logistic,No
Michael Jones,0826,43,German,Macedonia,Delta,Operation,No
Mary Johnson,0827,35,German,Egypt,Delta,Logistic,No
Mary Jones,0828,20,French,France,Epsilon,Production,No
Patricia Moore,0829,41,German,Hungary,Delta,IT,Yes
Michael Moore,0830,29,French,Portugal,Epsilon,Logistic,No
Mary Johnson,0831,37,French,Switzerland,Epsilon,Operation,Yes
John Wilson,0832,38,German,Sri Lanka,Delta,Logistic,No
John Brown,0833,16,German,Eritrea,Delta,Maintenance,No
Elizabeth Davis,0834,54,German,Germany,Gamma,Maintenance,Yes
Mary Miller,0835,34,German,Switzerland,Delta,Sales,Yes
Mary Jones,0836,31,German,Morocco,Delta,Logistic,No
John Moore,0837,34,French,Switzerland,Epsilon,Engineering,Yes
Mary Smith,0838,24,German,Germany,Delta,Maintenance,Yes
Jennifer Taylor,0839,42,German,Slovenia,Gamma,Logistic,Yes
James Smith,0840,24,German,Switzerland,Gamma,Engineering,Yes
Robert Williams,0841,51,German,Kosovo,Delta,Operation,No
Linda Jones,0842,56,German,Switzerland,Delta,Operation,No
William Taylor,0843,28,German,Portugal,Delta,Production,No
James Taylor,0844,44,German,Portugal,Delta,Production,No
John Williams,0845,29,German,Portugal,Delta,Production,No
Jennifer Jones,0846,34,French,France,Gamma,Logistic,Yes
James Miller,0847,50,German,Sri Lanka,Delta,Cleaning,No
John Wilson,0848,43,German,Germany,Alpha,Project management,Yes
James Miller,0849,48,German,Afghanistan,Delta,Cleaning,No
Robert Davis,0850,28,German,Sri Lanka,Delta,Production,No
William Smith,0851,49,German,France,Delta,Production,No
James Taylor,0852,43,German,Austria,Delta,Production,No
Michael Smith,0853,31,German,,Delta,Production,No
Mary Moore,0854,22,German,Afghanistan,Delta,Production,No
Jennifer Brown,0855,36,German,Kosovo,Delta,IT,Yes
Linda Brown,0856,22,German,Bulgaria,Delta,Production,No
James Johnson,0857,47,German,Bulgaria,Delta,Production,No
Robert Wilson,0858,58,German,Switzerland,Delta,Sales,Yes
Mary Moore,0859,32,French,Switzerland,Epsilon,Finance,Yes
Mary Smith,0860,27,French,Belgium,Epsilon,Maintenance,Yes
Robert Brown,0861,34,German,,Delta,Operation,Yes
Robert Brown,0862,53,German,Switzerland,Gamma,Logistic,Yes
Linda Davis,0863,20,German,Switzerland,Gamma,Maintenance,Yes
John Williams,0864,23,German,Germany,Alpha,Engineering,Yes
Elizabeth Johnson,0865,31,French,France,Beta,Engineering,Yes
Robert Williams,0866,38,German,Switzerland,Gamma,Maintenance,Yes
Elizabeth Moore,0867,54,German,Morocco,Delta,Production,No
Patricia Brown,0868,32,German,Sri Lanka,Delta,IT,Yes
Patricia Jones,0869,24,German,Switzerland,Delta,Operation,Yes
Jennifer Williams,0870,19,German,Switzerland,Gamma,Maintenance,Yes
James Moore,0871,37,French,France,Epsilon,Operation,Yes
Linda Taylor,0872,45,German,Switzerland,Delta,Production,No
Patricia Johnson,0873,33,German,Poland,Delta,Logistic,No
Elizabeth Smith,0874,43,German,Serbia,Delta,Maintenance,Yes
Jennifer Taylor,0875,30,German,Switzerland,Gamma,Maintenance,Yes
Michael Taylor,0876,42,German,Sri Lanka,Delta,Production,No
James Miller,0877,47,German,Iraq,Delta,Production,No
Linda Moore,0878,47,German,Syria,Delta,Production,No
Linda Brown,0879,40,German,Eritrea,Delta,Cleaning,No
Michael Moore,0880,37,German,Kosovo,Delta,Logistic,No
James Williams,0881,36,German,Lebanon,Delta,Logistic,No
Robert Brown,0882,37,German,Italy,Gamma,Engineering,Yes
Robert Smith,0883,28,German,Switzerland,Gamma,Engineering,Yes
William Jones,0884,44,German,Switzerland,Delta,Maintenance,Yes
John Wilson,0885,30,German,Kosovo,Delta,Operation,No
John Taylor,0886,27,German,Macedonia,Delta,Operation,No
John Miller,0887,43,German,Albania,Delta,Operation,No
Jennifer Taylor,0888,37,German,Ukraine,Delta,Production,No
James Smith,0889,39,German,Croatia,Delta,Production,No
Jennifer Jones,0890,42,French,France,Delta,Production,No
Michael Smith,0891,21,French,France,Epsilon,Logistic,No
Mary Wilson,0892,26,German,Switzerland,Delta,Production,Yes
John Davis,0893,25,German,Bulgaria,Delta,Production,No
James Williams,0894,29,German,Bulgaria,Delta,Production,No
William Johnson,0895,43,German,Bulgaria,Delta,Production,No
James Brown,0896,41,German,Switzerland,Alpha,Security,Yes
William Miller,0897,35,French,France,Beta,Production,No
Jennifer Wilson,0898,22,German,Germany,Delta,Operation,Yes
Robert Miller,0899,43,German,Switzerland,Delta,Sales,Yes
Elizabeth Smith,0900,27,German,Switzerland,Delta,Sales,Yes
William Smith,0901,54,German,Germany,Delta,Operation,Yes
William Brown,0902,44,German,Philippines,Gamma,Operation,No
Patricia Miller,0903,47,German,,Delta,Operation,No
Elizabeth Taylor,0904,46,German,Hungary,Delta,Operation,No
Jennifer Davis,0905,32,French,France,Epsilon,Maintenance,Yes
Patricia Wilson,0906,69,German,Switzerland,Delta,Administration,Yes
James Wilson,0907,51,German,Albania,Delta,Operation,No
William Jones,0908,53,French,Portugal,Epsilon,Production,No
Linda Jones,0909,37,German,Macedonia,Delta,Operation,No
Linda Wilson,0910,62,French,Portugal,Epsilon,Production,No
James Smith,0911,37,German,Switzerland,Delta,Operation,No
Michael Johnson,0912,60,French,Switzerland,Epsilon,Production,No
Mary Brown,0913,54,French,France,Epsilon,Production,No
William Wilson,0914,56,German,Bosnia-Herzegovina,Delta,Operation,No
William Moore,0915,32,German,Macedonia,Delta,Operation,No
Robert Taylor,0916,44,French,Switzerland,Epsilon,Production,No
Michael Johnson,0917,39,French,Brazil,Epsilon,Production,No
John Johnson,0918,36,French,Portugal,Epsilon,Operation,No
Robert Miller,0919,24,French,France,Beta,Operation,No
Robert Jones,0920,23,French,Switzerland,Epsilon,Production,No
Patricia Brown,0921,23,French,France,Beta,Operation,Yes
William Taylor,0922,23,French,France,Beta,Logistic,Yes
James Brown,0923,22,French,Switzerland,Beta,Operation,No
Mary Miller,0924,25,French,France,Beta,Operation,No
William Smith,0925,23,French,France,Beta,Logistic,No
William Wilson,0926,23,French,France,Beta,Operation,No
John Davis,0927,21,French,France,Beta,Operation,No
Linda Davis,0928,19,French,France,Beta,Logistic,No
Elizabeth Brown,0929,24,French,France,Beta,Logistic,No
Jennifer Johnson,0930,22,French,France,Beta,Operation,No
Elizabeth Miller,0931,22,French,France,Beta,Logistic,No
Robert Davis,0932,24,French,France,Beta,Operation,No
Michael Davis,0933,23,French,France,Beta,Logistic,No
Jennifer Moore,0934,21,French,France,Beta,Logistic,No
Patricia Jones,0935,22,French,Switzerland,Epsilon,Production,No
Elizabeth Jones,0936,22,French,Togo,Epsilon,Production,No
William Brown,0937,52,German,Germany,Delta,Finance,No
Robert Davis,0938,23,German,Switzerland,Delta,HR,Yes
John Davis,0939,24,French,Spain,Epsilon,Production,No
Patricia Moore,0940,34,German,Germany,Epsilon,HR,Yes